Topic_ID,Book_Number,Book_Title,Module_ID,Module_Title,Topic_Number,Chapter_Title_HR,Target_Grades,Cycle_Context,Learning_Outcome_Draft,Offline_Activity,Observable_Success_Check,Supervision_Tier,Safety_Boundary,Expert_Review_Required,Theme_Tags,Curriculum_Status,Curriculum_Map_IDs,Core_Pages,Lesson_Minutes_Planning_Assumption,Lower_Readiness_Adaptation,Higher_Readiness_Extension,Companion_Asset_IDs,Digital_Optional,Evidence_And_Update_Notes,Source_IDs,Source_URLs,Authoring_Status
B1-001,1,"Mali koraci, velike vještine",B1-M01,Ja i moj dan,1,Jutro bez žurbe,OŠ 1-4,Cycle 1: grades 1-2; Cycle 2: grades 3-4 of this book,Sequence a manageable morning routine and ask for support when needed,Arrange five routine cards and try the agreed order on two mornings,Explains the order and identifies one step needing help,L - low-risk paper/ordinary activity,"No shame or penalties for disability, family circumstances or needing help",Primary teacher,OSR;UKU,Proposed thematic fit; verified code anchors only where linked in 07; grade-specific pedagogy not yet approved,,2,20-30; extend to 45 with discussion,Co-read; picture choices; adult models; demonstrate by pointing or speaking,Explain a choice and adapt one variable,B1-001-W01;B1-001-C01;B1-001-TG;B1-001-PG;B1-M01-MISSION,B1-001-Q01: optional private self-check; print-equivalent provided,"Foundational curriculum sources below are not complete medical, legal or technical validation. Specialist must add exact dated operational references before manuscript approval.",S02;S03,https://narodne-novine.nn.hr/clanci/sluzbeni/2019_01_7_153.html | https://narodne-novine.nn.hr/clanci/sluzbeni/2019_01_7_154.html,PLANNED - not drafted or professionally validated
B1-002,1,"Mali koraci, velike vještine",B1-M01,Ja i moj dan,2,"Moja torba, moja provjera",OŠ 1-4,Cycle 1: grades 1-2; Cycle 2: grades 3-4 of this book,Pack essentials using a short checklist,Pack a school bag from a mock timetable containing one deliberate distraction,Includes the essentials and removes one unnecessary item,L - low-risk paper/ordinary activity,Do not require purchases or compare possessions,Primary teacher,OSR;UKU,Proposed thematic fit; verified code anchors only where linked in 07; grade-specific pedagogy not yet approved,,2,20-30; extend to 45 with discussion,Co-read; picture choices; adult models; demonstrate by pointing or speaking,Explain a choice and adapt one variable,B1-002-W01;B1-002-C01;B1-002-TG;B1-002-PG;B1-M01-MISSION,B1-002-Q01: optional private self-check; print-equivalent provided,"Foundational curriculum sources below are not complete medical, legal or technical validation. Specialist must add exact dated operational references before manuscript approval.",S02;S03,https://narodne-novine.nn.hr/clanci/sluzbeni/2019_01_7_153.html | https://narodne-novine.nn.hr/clanci/sluzbeni/2019_01_7_154.html,PLANNED - not drafted or professionally validated
B1-003,1,"Mali koraci, velike vještine",B1-M01,Ja i moj dan,3,Što obući danas?,OŠ 1-4,Cycle 1: grades 1-2; Cycle 2: grades 3-4 of this book,Choose clothing for weather and activity,Match illustrated forecasts with clothing and explain an alternative,Names two reasons for the choice,L - low-risk paper/ordinary activity,Adult checks severe-weather suitability; no exposure challenges,Primary teacher,ZDR;OSR,Proposed thematic fit; verified code anchors only where linked in 07; grade-specific pedagogy not yet approved,,2,20-30; extend to 45 with discussion,Co-read; picture choices; adult models; demonstrate by pointing or speaking,Explain a choice and adapt one variable,B1-003-W01;B1-003-C01;B1-003-TG;B1-003-PG;B1-M01-MISSION,B1-003-Q01: optional private self-check; print-equivalent provided,"Foundational curriculum sources below are not complete medical, legal or technical validation. Specialist must add exact dated operational references before manuscript approval.",S07;S02,https://narodne-novine.nn.hr/clanci/sluzbeni/2019_01_10_212.html | https://narodne-novine.nn.hr/clanci/sluzbeni/2019_01_7_153.html,PLANNED - not drafted or professionally validated
B1-004,1,"Mali koraci, velike vještine",B1-M01,Ja i moj dan,4,"Vezice, patentni zatvarač i gumbi",OŠ 1-4,Cycle 1: grades 1-2; Cycle 2: grades 3-4 of this book,Practise one accessible way to fasten clothing,Use a lacing board or large-button fabric with an adapted option,Demonstrates a fastening or selects a suitable adaptation,A - responsible adult actively supervises practical activity,No cords around necks; adult controls needles and small parts,Occupational therapist or special educator,OSR;UKU,Proposed thematic fit; verified code anchors only where linked in 07; grade-specific pedagogy not yet approved,,2,45-60; professional sessions separately scheduled,Co-read; picture choices; adult models; demonstrate by pointing or speaking,Explain a choice and adapt one variable,B1-004-W01;B1-004-C01;B1-004-TG;B1-004-PG;B1-M01-MISSION,B1-004-Q01: optional private self-check; print-equivalent provided,"Foundational curriculum sources below are not complete medical, legal or technical validation. Specialist must add exact dated operational references before manuscript approval.",S02;S03,https://narodne-novine.nn.hr/clanci/sluzbeni/2019_01_7_153.html | https://narodne-novine.nn.hr/clanci/sluzbeni/2019_01_7_154.html,PLANNED - not drafted or professionally validated
B1-005,1,"Mali koraci, velike vještine",B1-M01,Ja i moj dan,5,Koliko još imam vremena?,OŠ 1-4,Cycle 1: grades 1-2; Cycle 2: grades 3-4 of this book,Read everyday time and estimate a short task,Use a paper clock to plan getting ready before a fictional departure,"Correctly orders start, finish and departure",L - low-risk paper/ordinary activity,Avoid speed contests and anxiety-based timers,Primary teacher,UKU,Proposed thematic fit; verified code anchors only where linked in 07; grade-specific pedagogy not yet approved,,2,20-30; extend to 45 with discussion,Co-read; picture choices; adult models; demonstrate by pointing or speaking,Explain a choice and adapt one variable,B1-005-W01;B1-005-C01;B1-005-TG;B1-005-PG;B1-M01-MISSION,B1-005-Q01: optional private self-check; print-equivalent provided,"Foundational curriculum sources below are not complete medical, legal or technical validation. Specialist must add exact dated operational references before manuscript approval.",S03,https://narodne-novine.nn.hr/clanci/sluzbeni/2019_01_7_154.html,PLANNED - not drafted or professionally validated
B1-006,1,"Mali koraci, velike vještine",B1-M01,Ja i moj dan,6,"Velik zadatak, mali koraci",OŠ 1-4,Cycle 1: grades 1-2; Cycle 2: grades 3-4 of this book,Break a task into steps and decide when to ask for help,Turn tidying a desk into three picture steps,Completes or explains the steps and one help request,L - low-risk paper/ordinary activity,A request for help counts as competent action,Primary teacher,UKU;OSR,Proposed thematic fit; verified code anchors only where linked in 07; grade-specific pedagogy not yet approved,CM-022,2,20-30; extend to 45 with discussion,Co-read; picture choices; adult models; demonstrate by pointing or speaking,Explain a choice and adapt one variable,B1-006-W01;B1-006-C01;B1-006-TG;B1-006-PG;B1-M01-MISSION,B1-006-Q01: optional private self-check; print-equivalent provided,"Foundational curriculum sources below are not complete medical, legal or technical validation. Specialist must add exact dated operational references before manuscript approval.",S03;S02,https://narodne-novine.nn.hr/clanci/sluzbeni/2019_01_7_154.html | https://narodne-novine.nn.hr/clanci/sluzbeni/2019_01_7_153.html,PLANNED - not drafted or professionally validated
B1-007,1,"Mali koraci, velike vještine",B1-M02,Moj dom i moje stvari,7,Svaka stvar ima svoje mjesto,OŠ 1-4,Cycle 1: grades 1-2; Cycle 2: grades 3-4 of this book,Organise personal items for easier finding,Sort a mixed tray into three labelled storage places,Can find each item again using the labels,L - low-risk paper/ordinary activity,Never handle unidentified medicine or sharp waste,Primary teacher,OSR;ODR,Proposed thematic fit; verified code anchors only where linked in 07; grade-specific pedagogy not yet approved,CM-055,2,20-30; extend to 45 with discussion,Co-read; picture choices; adult models; demonstrate by pointing or speaking,Explain a choice and adapt one variable,B1-007-W01;B1-007-C01;B1-007-TG;B1-007-PG;B1-M02-MISSION,B1-007-Q01: optional private self-check; print-equivalent provided,"Foundational curriculum sources below are not complete medical, legal or technical validation. Specialist must add exact dated operational references before manuscript approval.",S02;S05,https://narodne-novine.nn.hr/clanci/sluzbeni/2019_01_7_153.html | https://narodne-novine.nn.hr/clanci/sluzbeni/2019_01_7_152.html,PLANNED - not drafted or professionally validated
B1-008,1,"Mali koraci, velike vještine",B1-M02,Moj dom i moje stvari,8,"Prljavo, čisto ili za popravak?",OŠ 1-4,Cycle 1: grades 1-2; Cycle 2: grades 3-4 of this book,Distinguish laundry categories and responsibility,Sort clean fabric samples using picture baskets,Correctly sorts four of five samples and asks about uncertainty,L - low-risk paper/ordinary activity,No detergent capsules or appliance operation in the exercise,Home-economics educator,OSR;ODR,Proposed thematic fit; verified code anchors only where linked in 07; grade-specific pedagogy not yet approved,CM-055,2,20-30; extend to 45 with discussion,Co-read; picture choices; adult models; demonstrate by pointing or speaking,Explain a choice and adapt one variable,B1-008-W01;B1-008-C01;B1-008-TG;B1-008-PG;B1-M02-MISSION,B1-008-Q01: optional private self-check; print-equivalent provided,"Foundational curriculum sources below are not complete medical, legal or technical validation. Specialist must add exact dated operational references before manuscript approval.",S02;S05,https://narodne-novine.nn.hr/clanci/sluzbeni/2019_01_7_153.html | https://narodne-novine.nn.hr/clanci/sluzbeni/2019_01_7_152.html,PLANNED - not drafted or professionally validated
B1-009,1,"Mali koraci, velike vještine",B1-M02,Moj dom i moje stvari,9,Postavljam stol i pospremam za sobom,OŠ 1-4,Cycle 1: grades 1-2; Cycle 2: grades 3-4 of this book,Set an accessible place and clear it safely,Set one place with unbreakable items and count what is needed,Places essentials and clears a spill-free path,A - responsible adult actively supervises practical activity,"Adult handles hot dishes, knives and broken glass",Home-economics educator,OSR;UKU,Proposed thematic fit; verified code anchors only where linked in 07; grade-specific pedagogy not yet approved,,2,45-60; professional sessions separately scheduled,Co-read; picture choices; adult models; demonstrate by pointing or speaking,Explain a choice and adapt one variable,B1-009-W01;B1-009-C01;B1-009-TG;B1-009-PG;B1-M02-MISSION,B1-009-Q01: optional private self-check; print-equivalent provided,"Foundational curriculum sources below are not complete medical, legal or technical validation. Specialist must add exact dated operational references before manuscript approval.",S02;S03,https://narodne-novine.nn.hr/clanci/sluzbeni/2019_01_7_153.html | https://narodne-novine.nn.hr/clanci/sluzbeni/2019_01_7_154.html,PLANNED - not drafted or professionally validated
B1-010,1,"Mali koraci, velike vještine",B1-M02,Moj dom i moje stvari,10,Prolilo se! Što sada?,OŠ 1-4,Cycle 1: grades 1-2; Cycle 2: grades 3-4 of this book,Recognise a safe small water spill versus a dangerous spill,"Choose an action for water, unknown liquid and broken-glass picture cards",Asks for adult help for dangerous or unknown spills,A - responsible adult actively supervises practical activity,"Only small clean-water practice; no chemicals, glass or electrics",Safety educator,ZDR;OSR,Proposed thematic fit; verified code anchors only where linked in 07; grade-specific pedagogy not yet approved,CM-045,2,45-60; professional sessions separately scheduled,Co-read; picture choices; adult models; demonstrate by pointing or speaking,Explain a choice and adapt one variable,B1-010-W01;B1-010-C01;B1-010-TG;B1-010-PG;B1-M02-MISSION,B1-010-Q01: optional private self-check; print-equivalent provided,"Foundational curriculum sources below are not complete medical, legal or technical validation. Specialist must add exact dated operational references before manuscript approval.",S07;S02,https://narodne-novine.nn.hr/clanci/sluzbeni/2019_01_10_212.html | https://narodne-novine.nn.hr/clanci/sluzbeni/2019_01_7_153.html,PLANNED - not drafted or professionally validated
B1-011,1,"Mali koraci, velike vještine",B1-M02,Moj dom i moje stvari,11,"Mjerim, slažem i izrađujem",OŠ 1-4,Cycle 1: grades 1-2; Cycle 2: grades 3-4 of this book,Use a ruler and safe craft tools to make a useful object,Build a cardboard pencil holder using pre-cut pieces,"Checks fit, keeps the workspace clear and explains the sequence",A - responsible adult actively supervises practical activity,Rounded scissors only as approved; adult handles blades and hot glue,Practical-skills teacher,UKU;OSR;ODR,Proposed thematic fit; verified code anchors only where linked in 07; grade-specific pedagogy not yet approved,CM-054,2,45-60; professional sessions separately scheduled,Co-read; picture choices; adult models; demonstrate by pointing or speaking,Explain a choice and adapt one variable,B1-011-W01;B1-011-C01;B1-011-TG;B1-011-PG;B1-M02-MISSION,B1-011-Q01: optional private self-check; print-equivalent provided,"Foundational curriculum sources below are not complete medical, legal or technical validation. Specialist must add exact dated operational references before manuscript approval.",S03;S02;S05,https://narodne-novine.nn.hr/clanci/sluzbeni/2019_01_7_154.html | https://narodne-novine.nn.hr/clanci/sluzbeni/2019_01_7_153.html | https://narodne-novine.nn.hr/clanci/sluzbeni/2019_01_7_152.html,PLANNED - not drafted or professionally validated
B1-012,1,"Mali koraci, velike vještine",B1-M02,Moj dom i moje stvari,12,"Kada ne diram, nego zovem odraslu osobu",OŠ 1-4,Cycle 1: grades 1-2; Cycle 2: grades 3-4 of this book,Identify home hazards and choose a safe response,"Sort outlet, damaged cable, medicine and cleaning-product picture cards",Recognises every critical do-not-touch situation,L - low-risk paper/ordinary activity,"No opening sockets, mixing substances or touching unknown batteries",Safety educator,ZDR;OSR,Proposed thematic fit; verified code anchors only where linked in 07; grade-specific pedagogy not yet approved,CM-045,2,20-30; extend to 45 with discussion,Co-read; picture choices; adult models; demonstrate by pointing or speaking,Explain a choice and adapt one variable,B1-012-W01;B1-012-C01;B1-012-TG;B1-012-PG;B1-M02-MISSION,B1-012-Q01: optional private self-check; print-equivalent provided,"Foundational curriculum sources below are not complete medical, legal or technical validation. Specialist must add exact dated operational references before manuscript approval.",S07;S02,https://narodne-novine.nn.hr/clanci/sluzbeni/2019_01_10_212.html | https://narodne-novine.nn.hr/clanci/sluzbeni/2019_01_7_153.html,PLANNED - not drafted or professionally validated
B1-013,1,"Mali koraci, velike vještine",B1-M03,Prvi koraci u kuhinji,13,Čiste ruke prije kuhanja,OŠ 1-4,Cycle 1: grades 1-2; Cycle 2: grades 3-4 of this book,"Prepare hands, surface and ingredients for food handling",Use a picture checklist before a cold snack activity,Identifies handwashing and a clean preparation area,A - responsible adult actively supervises practical activity,Food activity only after allergy and hygiene checks,Food-safety specialist,ZDR;UKU,Proposed thematic fit; verified code anchors only where linked in 07; grade-specific pedagogy not yet approved,,2,45-60; professional sessions separately scheduled,Co-read; picture choices; adult models; demonstrate by pointing or speaking,Explain a choice and adapt one variable,B1-013-W01;B1-013-C01;B1-013-TG;B1-013-PG;B1-M03-MISSION,B1-013-Q01: optional private self-check; print-equivalent provided,"Foundational curriculum sources below are not complete medical, legal or technical validation. Specialist must add exact dated operational references before manuscript approval.",S07;S03;S29,https://narodne-novine.nn.hr/clanci/sluzbeni/2019_01_10_212.html | https://narodne-novine.nn.hr/clanci/sluzbeni/2019_01_7_154.html | https://www.hah.hr/potrosacki-kutak/5-kljuceva-sigurnosti-hrane/,PLANNED - not drafted or professionally validated
B1-014,1,"Mali koraci, velike vještine",B1-M03,Prvi koraci u kuhinji,14,Perem voće i povrće,OŠ 1-4,Cycle 1: grades 1-2; Cycle 2: grades 3-4 of this book,Prepare suitable produce with clean water,Wash one adult-selected item and tidy the workspace,Follows the agreed sequence without contaminating the item,A - responsible adult actively supervises practical activity,No tasting unknown plants; adult checks suitability,Food-safety specialist,ZDR;ODR,Proposed thematic fit; verified code anchors only where linked in 07; grade-specific pedagogy not yet approved,,2,45-60; professional sessions separately scheduled,Co-read; picture choices; adult models; demonstrate by pointing or speaking,Explain a choice and adapt one variable,B1-014-W01;B1-014-C01;B1-014-TG;B1-014-PG;B1-M03-MISSION,B1-014-Q01: optional private self-check; print-equivalent provided,"Foundational curriculum sources below are not complete medical, legal or technical validation. Specialist must add exact dated operational references before manuscript approval.",S07;S05;S29,https://narodne-novine.nn.hr/clanci/sluzbeni/2019_01_10_212.html | https://narodne-novine.nn.hr/clanci/sluzbeni/2019_01_7_152.html | https://www.hah.hr/potrosacki-kutak/5-kljuceva-sigurnosti-hrane/,PLANNED - not drafted or professionally validated
B1-015,1,"Mali koraci, velike vještine",B1-M03,Prvi koraci u kuhinji,15,"Režem mekano, uz odraslu osobu",OŠ 1-4,Cycle 1: grades 1-2; Cycle 2: grades 3-4 of this book,Use an age-appropriate utensil on soft food,Cut banana or equivalent soft food with an approved child-safe tool,Shows safe workspace and stops when the adult asks,A - responsible adult actively supervises practical activity,"No sharp knife, raw meat or unsupervised cutting",Cooking educator,ZDR;UKU,Proposed thematic fit; verified code anchors only where linked in 07; grade-specific pedagogy not yet approved,,2,45-60; professional sessions separately scheduled,Co-read; picture choices; adult models; demonstrate by pointing or speaking,Explain a choice and adapt one variable,B1-015-W01;B1-015-C01;B1-015-TG;B1-015-PG;B1-M03-MISSION,B1-015-Q01: optional private self-check; print-equivalent provided,"Foundational curriculum sources below are not complete medical, legal or technical validation. Specialist must add exact dated operational references before manuscript approval.",S07;S03,https://narodne-novine.nn.hr/clanci/sluzbeni/2019_01_10_212.html | https://narodne-novine.nn.hr/clanci/sluzbeni/2019_01_7_154.html,PLANNED - not drafted or professionally validated
B1-016,1,"Mali koraci, velike vještine",B1-M03,Prvi koraci u kuhinji,16,Moj prvi doručak bez štednjaka,OŠ 1-4,Cycle 1: grades 1-2; Cycle 2: grades 3-4 of this book,Assemble a simple cold meal from available ingredients,Prepare bread with a suitable spread plus fruit or equivalent,Follows hygiene and allergy checks and cleans up,A - responsible adult actively supervises practical activity,Offer low-cost and allergen-substitute versions; no compulsory eating,Cooking educator,ZDR;POD,Proposed thematic fit; verified code anchors only where linked in 07; grade-specific pedagogy not yet approved,CM-048,2,45-60; professional sessions separately scheduled,Co-read; picture choices; adult models; demonstrate by pointing or speaking,Explain a choice and adapt one variable,B1-016-W01;B1-016-C01;B1-016-TG;B1-016-PG;B1-M03-MISSION,B1-016-Q01: optional private self-check; print-equivalent provided,"Foundational curriculum sources below are not complete medical, legal or technical validation. Specialist must add exact dated operational references before manuscript approval.",S07;S01,https://narodne-novine.nn.hr/clanci/sluzbeni/2019_01_10_212.html | https://narodne-novine.nn.hr/clanci/sluzbeni/2019_01_7_157.html,PLANNED - not drafted or professionally validated
B1-017,1,"Mali koraci, velike vještine",B1-M03,Prvi koraci u kuhinji,17,Recept je skup jasnih koraka,OŠ 1-4,Cycle 1: grades 1-2; Cycle 2: grades 3-4 of this book,Follow pictures and measure small quantities,Prepare a no-heat recipe using spoon and cup measures,Measures agreed quantities and follows the sequence,A - responsible adult actively supervises practical activity,Adult verifies ingredient safety; no raw-egg tasting,Cooking educator,UKU;ZDR,Proposed thematic fit; verified code anchors only where linked in 07; grade-specific pedagogy not yet approved,,2,45-60; professional sessions separately scheduled,Co-read; picture choices; adult models; demonstrate by pointing or speaking,Explain a choice and adapt one variable,B1-017-W01;B1-017-C01;B1-017-TG;B1-017-PG;B1-M03-MISSION,B1-017-Q01: optional private self-check; print-equivalent provided,"Foundational curriculum sources below are not complete medical, legal or technical validation. Specialist must add exact dated operational references before manuscript approval.",S03;S07,https://narodne-novine.nn.hr/clanci/sluzbeni/2019_01_7_154.html | https://narodne-novine.nn.hr/clanci/sluzbeni/2019_01_10_212.html,PLANNED - not drafted or professionally validated
B1-018,1,"Mali koraci, velike vještine",B1-M03,Prvi koraci u kuhinji,18,Hrana nije igra pogađanja,OŠ 1-4,Cycle 1: grades 1-2; Cycle 2: grades 3-4 of this book,Ask before eating unfamiliar food and recognise storage cues,Choose what to ask about an unlabelled lunchbox or leftovers,Asks the adult rather than smelling or tasting to test safety,L - low-risk paper/ordinary activity,No tasting to determine safety; allergy information stays private,Food-safety specialist,ZDR;ODR,Proposed thematic fit; verified code anchors only where linked in 07; grade-specific pedagogy not yet approved,CM-048,2,20-30; extend to 45 with discussion,Co-read; picture choices; adult models; demonstrate by pointing or speaking,Explain a choice and adapt one variable,B1-018-W01;B1-018-C01;B1-018-TG;B1-018-PG;B1-M03-MISSION,B1-018-Q01: optional private self-check; print-equivalent provided,"Foundational curriculum sources below are not complete medical, legal or technical validation. Specialist must add exact dated operational references before manuscript approval.",S07;S05;S29,https://narodne-novine.nn.hr/clanci/sluzbeni/2019_01_10_212.html | https://narodne-novine.nn.hr/clanci/sluzbeni/2019_01_7_152.html | https://www.hah.hr/potrosacki-kutak/5-kljuceva-sigurnosti-hrane/,PLANNED - not drafted or professionally validated
B1-019,1,"Mali koraci, velike vještine",B1-M04,Moj prvi novac,19,Trebam ili želim?,OŠ 1-4,Cycle 1: grades 1-2; Cycle 2: grades 3-4 of this book,"Distinguish essentials, wishes and different family choices",Sort illustrated purchases for a fictional day,Explains choices without judging another family's resources,L - low-risk paper/ordinary activity,Use fictional households; never require income disclosure,Financial educator,POD;OSR,Proposed thematic fit; verified code anchors only where linked in 07; grade-specific pedagogy not yet approved,CM-003,2,20-30; extend to 45 with discussion,Co-read; picture choices; adult models; demonstrate by pointing or speaking,Explain a choice and adapt one variable,B1-019-W01;B1-019-C01;B1-019-TG;B1-019-PG;B1-M04-MISSION,B1-019-Q01: optional private self-check; print-equivalent provided,"Foundational curriculum sources below are not complete medical, legal or technical validation. Specialist must add exact dated operational references before manuscript approval.",S01;S02,https://narodne-novine.nn.hr/clanci/sluzbeni/2019_01_7_157.html | https://narodne-novine.nn.hr/clanci/sluzbeni/2019_01_7_153.html,PLANNED - not drafted or professionally validated
B1-020,1,"Mali koraci, velike vještine",B1-M04,Moj prvi novac,20,Upoznajem eure i cente,OŠ 1-4,Cycle 1: grades 1-2; Cycle 2: grades 3-4 of this book,Recognise denominations and equivalent amounts,Make the same small amount in two ways with play money,Builds two correct combinations,L - low-risk paper/ordinary activity,Use clearly marked teaching money; no real-account data,Primary mathematics teacher,POD;UKU,Proposed thematic fit; verified code anchors only where linked in 07; grade-specific pedagogy not yet approved,CM-001,2,20-30; extend to 45 with discussion,Co-read; picture choices; adult models; demonstrate by pointing or speaking,Explain a choice and adapt one variable,B1-020-W01;B1-020-C01;B1-020-TG;B1-020-PG;B1-M04-MISSION,B1-020-Q01: optional private self-check; print-equivalent provided,"Foundational curriculum sources below are not complete medical, legal or technical validation. Specialist must add exact dated operational references before manuscript approval.",S01;S03,https://narodne-novine.nn.hr/clanci/sluzbeni/2019_01_7_157.html | https://narodne-novine.nn.hr/clanci/sluzbeni/2019_01_7_154.html,PLANNED - not drafted or professionally validated
B1-021,1,"Mali koraci, velike vještine",B1-M04,Moj prvi novac,21,Koliko trebam platiti i dobiti natrag?,OŠ 1-4,Cycle 1: grades 1-2; Cycle 2: grades 3-4 of this book,Calculate a small payment and check change,Run a pretend shop with three simple prices,Checks the agreed price and correct change,L - low-risk paper/ordinary activity,No child sent shopping alone as a requirement,Primary mathematics teacher,POD;UKU,Proposed thematic fit; verified code anchors only where linked in 07; grade-specific pedagogy not yet approved,CM-001,2,20-30; extend to 45 with discussion,Co-read; picture choices; adult models; demonstrate by pointing or speaking,Explain a choice and adapt one variable,B1-021-W01;B1-021-C01;B1-021-TG;B1-021-PG;B1-M04-MISSION,B1-021-Q01: optional private self-check; print-equivalent provided,"Foundational curriculum sources below are not complete medical, legal or technical validation. Specialist must add exact dated operational references before manuscript approval.",S01;S03,https://narodne-novine.nn.hr/clanci/sluzbeni/2019_01_7_157.html | https://narodne-novine.nn.hr/clanci/sluzbeni/2019_01_7_154.html,PLANNED - not drafted or professionally validated
B1-022,1,"Mali koraci, velike vještine",B1-M04,Moj prvi novac,22,Štedim za svoj cilj,OŠ 1-4,Cycle 1: grades 1-2; Cycle 2: grades 3-4 of this book,Set a realistic small saving goal,Draw a goal tracker for fictional pocket money,Shows a feasible sequence of deposits,L - low-risk paper/ordinary activity,Pocket money is not assumed; tokens can replace money,Financial educator,POD;OSR,Proposed thematic fit; verified code anchors only where linked in 07; grade-specific pedagogy not yet approved,CM-003,2,20-30; extend to 45 with discussion,Co-read; picture choices; adult models; demonstrate by pointing or speaking,Explain a choice and adapt one variable,B1-022-W01;B1-022-C01;B1-022-TG;B1-022-PG;B1-M04-MISSION,B1-022-Q01: optional private self-check; print-equivalent provided,"Foundational curriculum sources below are not complete medical, legal or technical validation. Specialist must add exact dated operational references before manuscript approval.",S01;S02,https://narodne-novine.nn.hr/clanci/sluzbeni/2019_01_7_157.html | https://narodne-novine.nn.hr/clanci/sluzbeni/2019_01_7_153.html,PLANNED - not drafted or professionally validated
B1-023,1,"Mali koraci, velike vještine",B1-M04,Moj prvi novac,23,Koji izbor mi više odgovara?,OŠ 1-4,Cycle 1: grades 1-2; Cycle 2: grades 3-4 of this book,"Compare price, usefulness and durability simply",Compare two fictional water bottles or pencil cases,Gives one price reason and one non-price reason,L - low-risk paper/ordinary activity,No brand promotion or pressure to purchase,Financial educator,POD;ODR,Proposed thematic fit; verified code anchors only where linked in 07; grade-specific pedagogy not yet approved,CM-002,2,20-30; extend to 45 with discussion,Co-read; picture choices; adult models; demonstrate by pointing or speaking,Explain a choice and adapt one variable,B1-023-W01;B1-023-C01;B1-023-TG;B1-023-PG;B1-M04-MISSION,B1-023-Q01: optional private self-check; print-equivalent provided,"Foundational curriculum sources below are not complete medical, legal or technical validation. Specialist must add exact dated operational references before manuscript approval.",S01;S05,https://narodne-novine.nn.hr/clanci/sluzbeni/2019_01_7_157.html | https://narodne-novine.nn.hr/clanci/sluzbeni/2019_01_7_152.html,PLANNED - not drafted or professionally validated
B1-024,1,"Mali koraci, velike vještine",B1-M04,Moj prvi novac,24,Reklama ne odlučuje umjesto mene,OŠ 1-4,Cycle 1: grades 1-2; Cycle 2: grades 3-4 of this book,Recognise persuasion and pause before a purchase,Discuss a made-up toy advertisement and missing information,Names an advertising cue and asks one useful question,L - low-risk paper/ordinary activity,"No real gambling, checkout or advertising links",Media-literacy educator,POD;IKT,Proposed thematic fit; verified code anchors only where linked in 07; grade-specific pedagogy not yet approved,CM-002,2,20-30; extend to 45 with discussion,Co-read; picture choices; adult models; demonstrate by pointing or speaking,Explain a choice and adapt one variable,B1-024-W01;B1-024-C01;B1-024-TG;B1-024-PG;B1-M04-MISSION,B1-024-Q01: optional private self-check; print-equivalent provided,"Foundational curriculum sources below are not complete medical, legal or technical validation. Specialist must add exact dated operational references before manuscript approval.",S01;S04;S12;S27,https://narodne-novine.nn.hr/clanci/sluzbeni/2019_01_7_157.html | https://narodne-novine.nn.hr/clanci/sluzbeni/2019_01_7_150.html | https://narodne-novine.nn.hr/eli/sluzbeni/2026/22/257 | https://azop.hr/primjena-opce-uredbe-o-zastiti-podataka-u-skolskim-ustanovama/,PLANNED - not drafted or professionally validated
B1-025,1,"Mali koraci, velike vještine",B1-M05,Brinem se o sebi,25,Brinem se o čistoći tijela,OŠ 1-4,Cycle 1: grades 1-2; Cycle 2: grades 3-4 of this book,Choose an age-appropriate hygiene routine,Build a private routine with picture choices,Names suitable actions and when to ask an adult,L - low-risk paper/ordinary activity,No public inspection of bodies or hygiene comparisons,School-health clinician,ZDR;OSR,Proposed thematic fit; verified code anchors only where linked in 07; grade-specific pedagogy not yet approved,CM-049,2,20-30; extend to 45 with discussion,Co-read; picture choices; adult models; demonstrate by pointing or speaking,Explain a choice and adapt one variable,B1-025-W01;B1-025-C01;B1-025-TG;B1-025-PG;B1-M05-MISSION,B1-025-Q01: optional private self-check; print-equivalent provided,"Foundational curriculum sources below are not complete medical, legal or technical validation. Specialist must add exact dated operational references before manuscript approval.",S07;S02,https://narodne-novine.nn.hr/clanci/sluzbeni/2019_01_10_212.html | https://narodne-novine.nn.hr/clanci/sluzbeni/2019_01_7_153.html,PLANNED - not drafted or professionally validated
B1-026,1,"Mali koraci, velike vještine",B1-M05,Brinem se o sebi,26,Moji zubi svaki dan,OŠ 1-4,Cycle 1: grades 1-2; Cycle 2: grades 3-4 of this book,Describe a reviewed tooth-care routine,Practise movements on a model and plan reminders,Explains the routine using the approved guide,A - responsible adult actively supervises practical activity,No shared toothbrushes; dentist validates timings and product advice,Dentist,ZDR;UKU,Proposed thematic fit; verified code anchors only where linked in 07; grade-specific pedagogy not yet approved,CM-049,2,45-60; professional sessions separately scheduled,Co-read; picture choices; adult models; demonstrate by pointing or speaking,Explain a choice and adapt one variable,B1-026-W01;B1-026-C01;B1-026-TG;B1-026-PG;B1-M05-MISSION,B1-026-Q01: optional private self-check; print-equivalent provided,"Foundational curriculum sources below are not complete medical, legal or technical validation. Specialist must add exact dated operational references before manuscript approval.",S07;S03,https://narodne-novine.nn.hr/clanci/sluzbeni/2019_01_10_212.html | https://narodne-novine.nn.hr/clanci/sluzbeni/2019_01_7_154.html,PLANNED - not drafted or professionally validated
B1-027,1,"Mali koraci, velike vještine",B1-M05,Brinem se o sebi,27,San i odmor dio su dana,OŠ 1-4,Cycle 1: grades 1-2; Cycle 2: grades 3-4 of this book,Plan a calm wind-down routine,Choose three evening habits from illustrated alternatives,Explains a routine that includes rest and a help option,L - low-risk paper/ordinary activity,Avoid fixed medical sleep claims before clinical review,School-health clinician,ZDR;OSR,Proposed thematic fit; verified code anchors only where linked in 07; grade-specific pedagogy not yet approved,CM-049,2,20-30; extend to 45 with discussion,Co-read; picture choices; adult models; demonstrate by pointing or speaking,Explain a choice and adapt one variable,B1-027-W01;B1-027-C01;B1-027-TG;B1-027-PG;B1-M05-MISSION,B1-027-Q01: optional private self-check; print-equivalent provided,"Foundational curriculum sources below are not complete medical, legal or technical validation. Specialist must add exact dated operational references before manuscript approval.",S07;S02,https://narodne-novine.nn.hr/clanci/sluzbeni/2019_01_10_212.html | https://narodne-novine.nn.hr/clanci/sluzbeni/2019_01_7_153.html,PLANNED - not drafted or professionally validated
B1-028,1,"Mali koraci, velike vještine",B1-M05,Brinem se o sebi,28,Kretanje i voda za moj dan,OŠ 1-4,Cycle 1: grades 1-2; Cycle 2: grades 3-4 of this book,Include enjoyable accessible movement and drinking opportunities,Plan a day with adaptable movement breaks,Includes a feasible option for their own abilities,L - low-risk paper/ordinary activity,"No fitness ranking, forced exercise or fluid targets",Physical-education teacher,ZDR;OSR,Proposed thematic fit; verified code anchors only where linked in 07; grade-specific pedagogy not yet approved,,2,20-30; extend to 45 with discussion,Co-read; picture choices; adult models; demonstrate by pointing or speaking,Explain a choice and adapt one variable,B1-028-W01;B1-028-C01;B1-028-TG;B1-028-PG;B1-M05-MISSION,B1-028-Q01: optional private self-check; print-equivalent provided,"Foundational curriculum sources below are not complete medical, legal or technical validation. Specialist must add exact dated operational references before manuscript approval.",S07;S02,https://narodne-novine.nn.hr/clanci/sluzbeni/2019_01_10_212.html | https://narodne-novine.nn.hr/clanci/sluzbeni/2019_01_7_153.html,PLANNED - not drafted or professionally validated
B1-029,1,"Mali koraci, velike vještine",B1-M05,Brinem se o sebi,29,Prepoznajem kako se osjećam,OŠ 1-4,Cycle 1: grades 1-2; Cycle 2: grades 3-4 of this book,Name feelings and choose a helpful next step,Match a fictional situation to feelings and support options,Names a feeling and a safe response without judging it,L - low-risk paper/ordinary activity,No required personal disclosure or diagnosis,Child psychologist,OSR;ZDR,Proposed thematic fit; verified code anchors only where linked in 07; grade-specific pedagogy not yet approved,CM-009,2,20-30; extend to 45 with discussion,Co-read; picture choices; adult models; demonstrate by pointing or speaking,Explain a choice and adapt one variable,B1-029-W01;B1-029-C01;B1-029-TG;B1-029-PG;B1-M05-MISSION,B1-029-Q01: optional private self-check; print-equivalent provided,"Foundational curriculum sources below are not complete medical, legal or technical validation. Specialist must add exact dated operational references before manuscript approval.",S02;S07,https://narodne-novine.nn.hr/clanci/sluzbeni/2019_01_7_153.html | https://narodne-novine.nn.hr/clanci/sluzbeni/2019_01_10_212.html,PLANNED - not drafted or professionally validated
B1-030,1,"Mali koraci, velike vještine",B1-M05,Brinem se o sebi,30,Ne osjećam se dobro: kome kažem?,OŠ 1-4,Cycle 1: grades 1-2; Cycle 2: grades 3-4 of this book,Explain discomfort and identify a trusted adult,Role-play telling an adult where something hurts,Communicates a concern and asks for help,L - low-risk paper/ordinary activity,"No self-diagnosis, medicine selection or dosage advice",School-health clinician,ZDR;OSR,Proposed thematic fit; verified code anchors only where linked in 07; grade-specific pedagogy not yet approved,,2,20-30; extend to 45 with discussion,Co-read; picture choices; adult models; demonstrate by pointing or speaking,Explain a choice and adapt one variable,B1-030-W01;B1-030-C01;B1-030-TG;B1-030-PG;B1-M05-MISSION,B1-030-Q01: optional private self-check; print-equivalent provided,"Foundational curriculum sources below are not complete medical, legal or technical validation. Specialist must add exact dated operational references before manuscript approval.",S07;S02,https://narodne-novine.nn.hr/clanci/sluzbeni/2019_01_10_212.html | https://narodne-novine.nn.hr/clanci/sluzbeni/2019_01_7_153.html,PLANNED - not drafted or professionally validated
B1-031,1,"Mali koraci, velike vještine",B1-M06,Ja i drugi,31,Predstavljam se i slušam,OŠ 1-4,Cycle 1: grades 1-2; Cycle 2: grades 3-4 of this book,Introduce oneself appropriately and listen actively,Pair role-play using fictional names and hobbies,Takes turns and recalls one thing the partner said,L - low-risk paper/ordinary activity,Do not share addresses or private family information,Primary teacher,OSR,Proposed thematic fit; verified code anchors only where linked in 07; grade-specific pedagogy not yet approved,CM-010;CM-012,2,20-30; extend to 45 with discussion,Co-read; picture choices; adult models; demonstrate by pointing or speaking,Explain a choice and adapt one variable,B1-031-W01;B1-031-C01;B1-031-TG;B1-031-PG;B1-M06-MISSION,B1-031-Q01: optional private self-check; print-equivalent provided,"Foundational curriculum sources below are not complete medical, legal or technical validation. Specialist must add exact dated operational references before manuscript approval.",S02,https://narodne-novine.nn.hr/clanci/sluzbeni/2019_01_7_153.html,PLANNED - not drafted or professionally validated
B1-032,1,"Mali koraci, velike vještine",B1-M06,Ja i drugi,32,Kako zamoliti za pomoć,OŠ 1-4,Cycle 1: grades 1-2; Cycle 2: grades 3-4 of this book,Make a clear help request,Practise a request when instructions are confusing,States the difficulty and the help needed,L - low-risk paper/ordinary activity,Child can choose a trusted alternative if an adult is unhelpful,Child psychologist,OSR;UKU,Proposed thematic fit; verified code anchors only where linked in 07; grade-specific pedagogy not yet approved,CM-010;CM-012,2,20-30; extend to 45 with discussion,Co-read; picture choices; adult models; demonstrate by pointing or speaking,Explain a choice and adapt one variable,B1-032-W01;B1-032-C01;B1-032-TG;B1-032-PG;B1-M06-MISSION,B1-032-Q01: optional private self-check; print-equivalent provided,"Foundational curriculum sources below are not complete medical, legal or technical validation. Specialist must add exact dated operational references before manuscript approval.",S02;S03,https://narodne-novine.nn.hr/clanci/sluzbeni/2019_01_7_153.html | https://narodne-novine.nn.hr/clanci/sluzbeni/2019_01_7_154.html,PLANNED - not drafted or professionally validated
B1-033,1,"Mali koraci, velike vještine",B1-M06,Ja i drugi,33,Moje tijelo i moje granice,OŠ 1-4,Cycle 1: grades 1-2; Cycle 2: grades 3-4 of this book,Express a boundary and seek help about unsafe behaviour,Choose words for declining unwanted touch in a fictional scene,Uses a boundary phrase and names a trusted-help route,L - low-risk paper/ordinary activity,No touching exercise; no demand to disclose abuse; safeguarding referral protocol,Child-safeguarding specialist,OSR;ZDR;GOO,Proposed thematic fit; verified code anchors only where linked in 07; grade-specific pedagogy not yet approved,CM-041,2,20-30; extend to 45 with discussion,Co-read; picture choices; adult models; demonstrate by pointing or speaking,Explain a choice and adapt one variable,B1-033-W01;B1-033-C01;B1-033-TG;B1-033-PG;B1-M06-MISSION,B1-033-Q01: optional private self-check; print-equivalent provided,"Foundational curriculum sources below are not complete medical, legal or technical validation. Specialist must add exact dated operational references before manuscript approval.",S02;S07;S06,https://narodne-novine.nn.hr/clanci/sluzbeni/2019_01_7_153.html | https://narodne-novine.nn.hr/clanci/sluzbeni/2019_01_10_212.html | https://narodne-novine.nn.hr/clanci/sluzbeni/2019_01_10_217.html,PLANNED - not drafted or professionally validated
B1-034,1,"Mali koraci, velike vještine",B1-M06,Ja i drugi,34,Pogriješio sam: kako popraviti?,OŠ 1-4,Cycle 1: grades 1-2; Cycle 2: grades 3-4 of this book,Make an apology and a realistic repair offer,Role-play returning a borrowed item late,Acknowledges impact and offers a feasible repair,L - low-risk paper/ordinary activity,Never require apology to an unsafe person,Child psychologist,OSR,Proposed thematic fit; verified code anchors only where linked in 07; grade-specific pedagogy not yet approved,CM-011;CM-013,2,20-30; extend to 45 with discussion,Co-read; picture choices; adult models; demonstrate by pointing or speaking,Explain a choice and adapt one variable,B1-034-W01;B1-034-C01;B1-034-TG;B1-034-PG;B1-M06-MISSION,B1-034-Q01: optional private self-check; print-equivalent provided,"Foundational curriculum sources below are not complete medical, legal or technical validation. Specialist must add exact dated operational references before manuscript approval.",S02,https://narodne-novine.nn.hr/clanci/sluzbeni/2019_01_7_153.html,PLANNED - not drafted or professionally validated
B1-035,1,"Mali koraci, velike vještine",B1-M06,Ja i drugi,35,Kad se ne slažemo,OŠ 1-4,Cycle 1: grades 1-2; Cycle 2: grades 3-4 of this book,"Use words, pauses and help rather than aggression",Resolve a fictional disagreement over a game,Offers a turn-taking solution or asks for adult help,L - low-risk paper/ordinary activity,No simulated physical conflict; safety overrides compromise,Child psychologist,OSR;GOO,Proposed thematic fit; verified code anchors only where linked in 07; grade-specific pedagogy not yet approved,CM-011;CM-013,2,20-30; extend to 45 with discussion,Co-read; picture choices; adult models; demonstrate by pointing or speaking,Explain a choice and adapt one variable,B1-035-W01;B1-035-C01;B1-035-TG;B1-035-PG;B1-M06-MISSION,B1-035-Q01: optional private self-check; print-equivalent provided,"Foundational curriculum sources below are not complete medical, legal or technical validation. Specialist must add exact dated operational references before manuscript approval.",S02;S06,https://narodne-novine.nn.hr/clanci/sluzbeni/2019_01_7_153.html | https://narodne-novine.nn.hr/clanci/sluzbeni/2019_01_10_217.html,PLANNED - not drafted or professionally validated
B1-036,1,"Mali koraci, velike vještine",B1-M06,Ja i drugi,36,Nitko ne mora ostati po strani,OŠ 1-4,Cycle 1: grades 1-2; Cycle 2: grades 3-4 of this book,Include others and respond to exclusion,Adapt a playground game for different needs,Suggests one practical inclusive change,L - low-risk paper/ordinary activity,Do not single out a real child as the problem or beneficiary,Special educator,OSR;GOO,Proposed thematic fit; verified code anchors only where linked in 07; grade-specific pedagogy not yet approved,CM-009;CM-041,2,20-30; extend to 45 with discussion,Co-read; picture choices; adult models; demonstrate by pointing or speaking,Explain a choice and adapt one variable,B1-036-W01;B1-036-C01;B1-036-TG;B1-036-PG;B1-M06-MISSION,B1-036-Q01: optional private self-check; print-equivalent provided,"Foundational curriculum sources below are not complete medical, legal or technical validation. Specialist must add exact dated operational references before manuscript approval.",S02;S06,https://narodne-novine.nn.hr/clanci/sluzbeni/2019_01_7_153.html | https://narodne-novine.nn.hr/clanci/sluzbeni/2019_01_10_217.html,PLANNED - not drafted or professionally validated
B1-037,1,"Mali koraci, velike vještine",B1-M07,Znam potražiti pomoć,37,Znam kada i kako zvati 112,OŠ 1-4,Cycle 1: grades 1-2; Cycle 2: grades 3-4 of this book,Recognise an emergency and communicate essential facts,Use a disconnected pretend phone and a location card,States what happened and where; listens to the adult dispatcher role,A - responsible adult actively supervises practical activity,Never place a real practice call; no guarantee every device can call,First-aid instructor,ZDR;OSR,Proposed thematic fit; verified code anchors only where linked in 07; grade-specific pedagogy not yet approved,,2,45-60; professional sessions separately scheduled,Co-read; picture choices; adult models; demonstrate by pointing or speaking,Explain a choice and adapt one variable,B1-037-W01;B1-037-C01;B1-037-TG;B1-037-PG;B1-M07-MISSION,B1-037-Q01: optional private self-check; print-equivalent provided,"Foundational curriculum sources below are not complete medical, legal or technical validation. Specialist must add exact dated operational references before manuscript approval.",S07;S02;S28;S33,https://narodne-novine.nn.hr/clanci/sluzbeni/2019_01_10_212.html | https://narodne-novine.nn.hr/clanci/sluzbeni/2019_01_7_153.html | https://www.hck.hr/kako-pomoci/mali-programi/prva-pomoc-10551/10551 | https://civilna-zastita.gov.hr/kontakti/podrucni-ured-civilne-zastite-split/edukacija-djece-povodom-dana-europskog-broja-112/9113,PLANNED - not drafted or professionally validated
B1-038,1,"Mali koraci, velike vještine",B1-M07,Znam potražiti pomoć,38,Izgubio sam se: stanem i tražim pomoć,OŠ 1-4,Cycle 1: grades 1-2; Cycle 2: grades 3-4 of this book,Follow a family-agreed lost-child plan,Choose a safe visible place and an appropriate helper in a picture scene,"Explains staying safe, seeking identifiable help and sharing only needed details",A - responsible adult actively supervises practical activity,Immediate danger overrides staying still; do not teach appearance-based stranger tests,Child-safeguarding specialist,ZDR;OSR,Proposed thematic fit; verified code anchors only where linked in 07; grade-specific pedagogy not yet approved,,2,45-60; professional sessions separately scheduled,Co-read; picture choices; adult models; demonstrate by pointing or speaking,Explain a choice and adapt one variable,B1-038-W01;B1-038-C01;B1-038-TG;B1-038-PG;B1-M07-MISSION,B1-038-Q01: optional private self-check; print-equivalent provided,"Foundational curriculum sources below are not complete medical, legal or technical validation. Specialist must add exact dated operational references before manuscript approval.",S07;S02,https://narodne-novine.nn.hr/clanci/sluzbeni/2019_01_10_212.html | https://narodne-novine.nn.hr/clanci/sluzbeni/2019_01_7_153.html,PLANNED - not drafted or professionally validated
B1-039,1,"Mali koraci, velike vještine",B1-M07,Znam potražiti pomoć,39,Dim ili požar: prvo sigurnost,OŠ 1-4,Cycle 1: grades 1-2; Cycle 2: grades 3-4 of this book,Recognise an alarm and follow the local evacuation plan,Trace an exit route on a fictional floor plan,Chooses evacuation and alerting rather than retrieving possessions,A - responsible adult actively supervises practical activity,"No fire, smoke, extinguishing or locked-door experiments",Fire-safety educator,ZDR;OSR,Proposed thematic fit; verified code anchors only where linked in 07; grade-specific pedagogy not yet approved,CM-045,2,45-60; professional sessions separately scheduled,Co-read; picture choices; adult models; demonstrate by pointing or speaking,Explain a choice and adapt one variable,B1-039-W01;B1-039-C01;B1-039-TG;B1-039-PG;B1-M07-MISSION,B1-039-Q01: optional private self-check; print-equivalent provided,"Foundational curriculum sources below are not complete medical, legal or technical validation. Specialist must add exact dated operational references before manuscript approval.",S07;S02,https://narodne-novine.nn.hr/clanci/sluzbeni/2019_01_10_212.html | https://narodne-novine.nn.hr/clanci/sluzbeni/2019_01_7_153.html,PLANNED - not drafted or professionally validated
B1-040,1,"Mali koraci, velike vještine",B1-M07,Znam potražiti pomoć,40,"Mala ozljeda, prava pomoć",OŠ 1-4,Cycle 1: grades 1-2; Cycle 2: grades 3-4 of this book,Recognise a minor injury and request safe assistance,Arrange approved first-aid picture cards around a doll,Calls an adult and identifies do-not-touch hazards,A - responsible adult actively supervises practical activity,No blood contact or procedures on classmates; clinician checks all steps,First-aid instructor,ZDR;OSR,Proposed thematic fit; verified code anchors only where linked in 07; grade-specific pedagogy not yet approved,CM-046,2,45-60; professional sessions separately scheduled,Co-read; picture choices; adult models; demonstrate by pointing or speaking,Explain a choice and adapt one variable,B1-040-W01;B1-040-C01;B1-040-TG;B1-040-PG;B1-M07-MISSION,B1-040-Q01: optional private self-check; print-equivalent provided,"Foundational curriculum sources below are not complete medical, legal or technical validation. Specialist must add exact dated operational references before manuscript approval.",S07;S02;S28,https://narodne-novine.nn.hr/clanci/sluzbeni/2019_01_10_212.html | https://narodne-novine.nn.hr/clanci/sluzbeni/2019_01_7_153.html | https://www.hck.hr/kako-pomoci/mali-programi/prva-pomoc-10551/10551,PLANNED - not drafted or professionally validated
B1-041,1,"Mali koraci, velike vještine",B1-M07,Znam potražiti pomoć,41,Sigurno prelazim cestu,OŠ 1-4,Cycle 1: grades 1-2; Cycle 2: grades 3-4 of this book,Explain a reviewed pedestrian crossing routine,Use a floor road model and then an adult-led observation,Identifies a crossing and checks the scene with an adult,A - responsible adult actively supervises practical activity,No unsupervised road task or speed-based game,Road-safety educator,ZDR;OSR,Proposed thematic fit; verified code anchors only where linked in 07; grade-specific pedagogy not yet approved,CM-044,2,45-60; professional sessions separately scheduled,Co-read; picture choices; adult models; demonstrate by pointing or speaking,Explain a choice and adapt one variable,B1-041-W01;B1-041-C01;B1-041-TG;B1-041-PG;B1-M07-MISSION,B1-041-Q01: optional private self-check; print-equivalent provided,"Foundational curriculum sources below are not complete medical, legal or technical validation. Specialist must add exact dated operational references before manuscript approval.",S07;S02,https://narodne-novine.nn.hr/clanci/sluzbeni/2019_01_10_212.html | https://narodne-novine.nn.hr/clanci/sluzbeni/2019_01_7_153.html,PLANNED - not drafted or professionally validated
B1-042,1,"Mali koraci, velike vještine",B1-M07,Znam potražiti pomoć,42,Uz vodu nisam sam,OŠ 1-4,Cycle 1: grades 1-2; Cycle 2: grades 3-4 of this book,Recognise water hazards and alert an adult,"Select safe responses to pool, river and beach scenarios",Does not enter water to rescue another person,L - low-risk paper/ordinary activity,No swimming competence assumed; no water rescue practice,Water-safety instructor,ZDR;OSR,Proposed thematic fit; verified code anchors only where linked in 07; grade-specific pedagogy not yet approved,,2,20-30; extend to 45 with discussion,Co-read; picture choices; adult models; demonstrate by pointing or speaking,Explain a choice and adapt one variable,B1-042-W01;B1-042-C01;B1-042-TG;B1-042-PG;B1-M07-MISSION,B1-042-Q01: optional private self-check; print-equivalent provided,"Foundational curriculum sources below are not complete medical, legal or technical validation. Specialist must add exact dated operational references before manuscript approval.",S07;S02,https://narodne-novine.nn.hr/clanci/sluzbeni/2019_01_10_212.html | https://narodne-novine.nn.hr/clanci/sluzbeni/2019_01_7_153.html,PLANNED - not drafted or professionally validated
B1-043,1,"Mali koraci, velike vještine",B1-M08,Pametno u digitalnom svijetu,43,Što ostaje privatno?,OŠ 1-4,Cycle 1: grades 1-2; Cycle 2: grades 3-4 of this book,Identify information not to share casually,"Sort fictional names, passwords and photographs into sharing choices",Protects passwords and sensitive details in every critical example,L - low-risk paper/ordinary activity,"Never collect pupils' actual passwords, addresses or images",Digital-safety educator,IKT;GOO,Proposed thematic fit; verified code anchors only where linked in 07; grade-specific pedagogy not yet approved,CM-027;CM-028,2,20-30; extend to 45 with discussion,Co-read; picture choices; adult models; demonstrate by pointing or speaking,Explain a choice and adapt one variable,B1-043-W01;B1-043-C01;B1-043-TG;B1-043-PG;B1-M08-MISSION,B1-043-Q01: optional private self-check; print-equivalent provided,"Foundational curriculum sources below are not complete medical, legal or technical validation. Specialist must add exact dated operational references before manuscript approval.",S04;S06;S12;S27,https://narodne-novine.nn.hr/clanci/sluzbeni/2019_01_7_150.html | https://narodne-novine.nn.hr/clanci/sluzbeni/2019_01_10_217.html | https://narodne-novine.nn.hr/eli/sluzbeni/2026/22/257 | https://azop.hr/primjena-opce-uredbe-o-zastiti-podataka-u-skolskim-ustanovama/,PLANNED - not drafted or professionally validated
B1-044,1,"Mali koraci, velike vještine",B1-M08,Pametno u digitalnom svijetu,44,Lozinka nije za dijeljenje,OŠ 1-4,Cycle 1: grades 1-2; Cycle 2: grades 3-4 of this book,Explain why accounts need protected access,Invent a pretend passphrase for a paper account,Keeps real credentials private and knows whom to ask for support,L - low-risk paper/ordinary activity,No real child account creation; guardian manages age restrictions,Digital-safety educator,IKT,Proposed thematic fit; verified code anchors only where linked in 07; grade-specific pedagogy not yet approved,CM-027;CM-028,2,20-30; extend to 45 with discussion,Co-read; picture choices; adult models; demonstrate by pointing or speaking,Explain a choice and adapt one variable,B1-044-W01;B1-044-C01;B1-044-TG;B1-044-PG;B1-M08-MISSION,B1-044-Q01: optional private self-check; print-equivalent provided,"Foundational curriculum sources below are not complete medical, legal or technical validation. Specialist must add exact dated operational references before manuscript approval.",S04;S12;S27,https://narodne-novine.nn.hr/clanci/sluzbeni/2019_01_7_150.html | https://narodne-novine.nn.hr/eli/sluzbeni/2026/22/257 | https://azop.hr/primjena-opce-uredbe-o-zastiti-podataka-u-skolskim-ustanovama/,PLANNED - not drafted or professionally validated
B1-045,1,"Mali koraci, velike vještine",B1-M08,Pametno u digitalnom svijetu,45,Osvojio si nagradu! Je li stvarno?,OŠ 1-4,Cycle 1: grades 1-2; Cycle 2: grades 3-4 of this book,Pause on suspicious messages and ask a trusted adult,Inspect three printed fictional prize messages,Does not click or provide details and identifies a help route,L - low-risk paper/ordinary activity,No live scam links or interactive adversaries,Digital-safety educator,IKT;POD,Proposed thematic fit; verified code anchors only where linked in 07; grade-specific pedagogy not yet approved,CM-027,2,20-30; extend to 45 with discussion,Co-read; picture choices; adult models; demonstrate by pointing or speaking,Explain a choice and adapt one variable,B1-045-W01;B1-045-C01;B1-045-TG;B1-045-PG;B1-M08-MISSION,B1-045-Q01: optional private self-check; print-equivalent provided,"Foundational curriculum sources below are not complete medical, legal or technical validation. Specialist must add exact dated operational references before manuscript approval.",S04;S01;S12;S27,https://narodne-novine.nn.hr/clanci/sluzbeni/2019_01_7_150.html | https://narodne-novine.nn.hr/clanci/sluzbeni/2019_01_7_157.html | https://narodne-novine.nn.hr/eli/sluzbeni/2026/22/257 | https://azop.hr/primjena-opce-uredbe-o-zastiti-podataka-u-skolskim-ustanovama/,PLANNED - not drafted or professionally validated
B1-046,1,"Mali koraci, velike vještine",B1-M08,Pametno u digitalnom svijetu,46,Kad je netko neugodan na internetu,OŠ 1-4,Cycle 1: grades 1-2; Cycle 2: grades 3-4 of this book,Stop engagement and seek help about harmful contact,Choose a safe sequence from paper response cards,Names the adult-help and reporting options,L - low-risk paper/ordinary activity,Use non-graphic examples; no public sharing of personal incidents,Child-safeguarding specialist,IKT;OSR,Proposed thematic fit; verified code anchors only where linked in 07; grade-specific pedagogy not yet approved,CM-027;CM-028,2,20-30; extend to 45 with discussion,Co-read; picture choices; adult models; demonstrate by pointing or speaking,Explain a choice and adapt one variable,B1-046-W01;B1-046-C01;B1-046-TG;B1-046-PG;B1-M08-MISSION,B1-046-Q01: optional private self-check; print-equivalent provided,"Foundational curriculum sources below are not complete medical, legal or technical validation. Specialist must add exact dated operational references before manuscript approval.",S04;S02;S12;S27,https://narodne-novine.nn.hr/clanci/sluzbeni/2019_01_7_150.html | https://narodne-novine.nn.hr/clanci/sluzbeni/2019_01_7_153.html | https://narodne-novine.nn.hr/eli/sluzbeni/2026/22/257 | https://azop.hr/primjena-opce-uredbe-o-zastiti-podataka-u-skolskim-ustanovama/,PLANNED - not drafted or professionally validated
B1-047,1,"Mali koraci, velike vještine",B1-M08,Pametno u digitalnom svijetu,47,Ekran ima svoje vrijeme i mjesto,OŠ 1-4,Cycle 1: grades 1-2; Cycle 2: grades 3-4 of this book,Agree device use with adults and follow school rules,"Build a day that includes offline play, learning and rest",Explains where permission is needed and an offline alternative,L - low-risk paper/ordinary activity,Do not imply devices are universally forbidden for accessibility or approved learning,Primary teacher,IKT;ZDR,Proposed thematic fit; verified code anchors only where linked in 07; grade-specific pedagogy not yet approved,,2,20-30; extend to 45 with discussion,Co-read; picture choices; adult models; demonstrate by pointing or speaking,Explain a choice and adapt one variable,B1-047-W01;B1-047-C01;B1-047-TG;B1-047-PG;B1-M08-MISSION,B1-047-Q01: optional private self-check; print-equivalent provided,"Foundational curriculum sources below are not complete medical, legal or technical validation. Specialist must add exact dated operational references before manuscript approval.",S04;S07;S12;S27,https://narodne-novine.nn.hr/clanci/sluzbeni/2019_01_7_150.html | https://narodne-novine.nn.hr/clanci/sluzbeni/2019_01_10_212.html | https://narodne-novine.nn.hr/eli/sluzbeni/2026/22/257 | https://azop.hr/primjena-opce-uredbe-o-zastiti-podataka-u-skolskim-ustanovama/,PLANNED - not drafted or professionally validated
B1-048,1,"Mali koraci, velike vještine",B1-M08,Pametno u digitalnom svijetu,48,Računalo može pogriješiti,OŠ 1-4,Cycle 1: grades 1-2; Cycle 2: grades 3-4 of this book,Recognise that AI-like answers need checking,Compare a printed imaginary chatbot answer with a teacher-provided fact card,Finds one error and asks a person or checks a source,L - low-risk paper/ordinary activity,"No independent AI account, personal data or claim of machine feelings",AI-literacy educator,IKT;UKU,Proposed thematic fit; verified code anchors only where linked in 07; grade-specific pedagogy not yet approved,,2,20-30; extend to 45 with discussion,Co-read; picture choices; adult models; demonstrate by pointing or speaking,Explain a choice and adapt one variable,B1-048-W01;B1-048-C01;B1-048-TG;B1-048-PG;B1-M08-MISSION,B1-048-Q01: optional private self-check; print-equivalent provided,"Foundational curriculum sources below are not complete medical, legal or technical validation. Specialist must add exact dated operational references before manuscript approval.",S04;S03;S12;S27,https://narodne-novine.nn.hr/clanci/sluzbeni/2019_01_7_150.html | https://narodne-novine.nn.hr/clanci/sluzbeni/2019_01_7_154.html | https://narodne-novine.nn.hr/eli/sluzbeni/2026/22/257 | https://azop.hr/primjena-opce-uredbe-o-zastiti-podataka-u-skolskim-ustanovama/,PLANNED - not drafted or professionally validated
B1-049,1,"Mali koraci, velike vještine",B1-M09,Snalažim se oko sebe,49,Čitam jednostavnu kartu,OŠ 1-4,Cycle 1: grades 1-2; Cycle 2: grades 3-4 of this book,Use a key and landmarks on a simple map,Plan a route across a fictional school or park map,Explains two landmarks and the destination,L - low-risk paper/ordinary activity,Never publish a child's real home route,Primary teacher,UKU;OSR,Proposed thematic fit; verified code anchors only where linked in 07; grade-specific pedagogy not yet approved,,2,20-30; extend to 45 with discussion,Co-read; picture choices; adult models; demonstrate by pointing or speaking,Explain a choice and adapt one variable,B1-049-W01;B1-049-C01;B1-049-TG;B1-049-PG;B1-M09-MISSION,B1-049-Q01: optional private self-check; print-equivalent provided,"Foundational curriculum sources below are not complete medical, legal or technical validation. Specialist must add exact dated operational references before manuscript approval.",S03;S02,https://narodne-novine.nn.hr/clanci/sluzbeni/2019_01_7_154.html | https://narodne-novine.nn.hr/clanci/sluzbeni/2019_01_7_153.html,PLANNED - not drafted or professionally validated
B1-050,1,"Mali koraci, velike vještine",B1-M09,Snalažim se oko sebe,50,"Autobus, tramvaj i moja karta",OŠ 1-4,Cycle 1: grades 1-2; Cycle 2: grades 3-4 of this book,"Recognise boarding, ticket and meeting-point routines",Role-play a trip using a paper ticket and map,Explains staying with the agreed adult and what to do if separated,A - responsible adult actively supervises practical activity,Real outing only with responsible adult; local ticket rules verified,Transport educator,OSR;UKU,Proposed thematic fit; verified code anchors only where linked in 07; grade-specific pedagogy not yet approved,CM-044,2,45-60; professional sessions separately scheduled,Co-read; picture choices; adult models; demonstrate by pointing or speaking,Explain a choice and adapt one variable,B1-050-W01;B1-050-C01;B1-050-TG;B1-050-PG;B1-M09-MISSION,B1-050-Q01: optional private self-check; print-equivalent provided,"Foundational curriculum sources below are not complete medical, legal or technical validation. Specialist must add exact dated operational references before manuscript approval.",S02;S03,https://narodne-novine.nn.hr/clanci/sluzbeni/2019_01_7_153.html | https://narodne-novine.nn.hr/clanci/sluzbeni/2019_01_7_154.html,PLANNED - not drafted or professionally validated
B1-051,1,"Mali koraci, velike vještine",B1-M09,Snalažim se oko sebe,51,Spremam se za izlet,OŠ 1-4,Cycle 1: grades 1-2; Cycle 2: grades 3-4 of this book,Pack essential items for an adult-led short outing,Choose from picture equipment cards for a forecast,Selects essentials and checks with an adult,A - responsible adult actively supervises practical activity,No independent hiking or reliance on a phone alone,Outdoor-safety educator,OSR;ZDR,Proposed thematic fit; verified code anchors only where linked in 07; grade-specific pedagogy not yet approved,,2,45-60; professional sessions separately scheduled,Co-read; picture choices; adult models; demonstrate by pointing or speaking,Explain a choice and adapt one variable,B1-051-W01;B1-051-C01;B1-051-TG;B1-051-PG;B1-M09-MISSION,B1-051-Q01: optional private self-check; print-equivalent provided,"Foundational curriculum sources below are not complete medical, legal or technical validation. Specialist must add exact dated operational references before manuscript approval.",S02;S07,https://narodne-novine.nn.hr/clanci/sluzbeni/2019_01_7_153.html | https://narodne-novine.nn.hr/clanci/sluzbeni/2019_01_10_212.html,PLANNED - not drafted or professionally validated
B1-052,1,"Mali koraci, velike vještine",B1-M09,Snalažim se oko sebe,52,Otpad odlažem odgovorno,OŠ 1-4,Cycle 1: grades 1-2; Cycle 2: grades 3-4 of this book,Use local waste labels and avoid hazardous waste,Sort clean example packaging against a local pictogram sheet,Asks about unknown waste and avoids dangerous items,A - responsible adult actively supervises practical activity,"No actual batteries, sharp objects or contaminated waste",Environmental educator,ODR;ZDR,Proposed thematic fit; verified code anchors only where linked in 07; grade-specific pedagogy not yet approved,,2,45-60; professional sessions separately scheduled,Co-read; picture choices; adult models; demonstrate by pointing or speaking,Explain a choice and adapt one variable,B1-052-W01;B1-052-C01;B1-052-TG;B1-052-PG;B1-M09-MISSION,B1-052-Q01: optional private self-check; print-equivalent provided,"Foundational curriculum sources below are not complete medical, legal or technical validation. Specialist must add exact dated operational references before manuscript approval.",S05;S07,https://narodne-novine.nn.hr/clanci/sluzbeni/2019_01_7_152.html | https://narodne-novine.nn.hr/clanci/sluzbeni/2019_01_10_212.html,PLANNED - not drafted or professionally validated
B1-053,1,"Mali koraci, velike vještine",B1-M09,Snalažim se oko sebe,53,Brinem se o biljci,OŠ 1-4,Cycle 1: grades 1-2; Cycle 2: grades 3-4 of this book,Observe a plant and follow a simple care schedule,Care for a safe identified plant and record changes,Shows a record and adapts care with adult advice,A - responsible adult actively supervises practical activity,"Non-toxic plant; no fertilisers, foraging or obligatory tasting",Primary teacher,ODR;UKU,Proposed thematic fit; verified code anchors only where linked in 07; grade-specific pedagogy not yet approved,CM-035;CM-036,2,45-60; professional sessions separately scheduled,Co-read; picture choices; adult models; demonstrate by pointing or speaking,Explain a choice and adapt one variable,B1-053-W01;B1-053-C01;B1-053-TG;B1-053-PG;B1-M09-MISSION,B1-053-Q01: optional private self-check; print-equivalent provided,"Foundational curriculum sources below are not complete medical, legal or technical validation. Specialist must add exact dated operational references before manuscript approval.",S05;S03,https://narodne-novine.nn.hr/clanci/sluzbeni/2019_01_7_152.html | https://narodne-novine.nn.hr/clanci/sluzbeni/2019_01_7_154.html,PLANNED - not drafted or professionally validated
B1-054,1,"Mali koraci, velike vještine",B1-M09,Snalažim se oko sebe,54,Vrijeme se mijenja: mijenjam plan,OŠ 1-4,Cycle 1: grades 1-2; Cycle 2: grades 3-4 of this book,Use an adult-reviewed forecast to change an outing,"Compare sunshine, heat and storm picture forecasts",Chooses an indoor or postponed alternative when needed,L - low-risk paper/ordinary activity,Never test hazards outdoors; follow local warnings and adults,Outdoor-safety educator,ZDR;UKU,Proposed thematic fit; verified code anchors only where linked in 07; grade-specific pedagogy not yet approved,CM-035,2,20-30; extend to 45 with discussion,Co-read; picture choices; adult models; demonstrate by pointing or speaking,Explain a choice and adapt one variable,B1-054-W01;B1-054-C01;B1-054-TG;B1-054-PG;B1-M09-MISSION,B1-054-Q01: optional private self-check; print-equivalent provided,"Foundational curriculum sources below are not complete medical, legal or technical validation. Specialist must add exact dated operational references before manuscript approval.",S07;S03,https://narodne-novine.nn.hr/clanci/sluzbeni/2019_01_10_212.html | https://narodne-novine.nn.hr/clanci/sluzbeni/2019_01_7_154.html,PLANNED - not drafted or professionally validated
B1-055,1,"Mali koraci, velike vještine",B1-M10,Učim i doprinosim,55,Kako znam je li nešto točno?,OŠ 1-4,Cycle 1: grades 1-2; Cycle 2: grades 3-4 of this book,Ask where information came from,Compare a storybook claim with a suitable reference page,Identifies which source answers the question and why,L - low-risk paper/ordinary activity,"Use low-stakes facts, not medical or political persuasion",School librarian,UKU;IKT,Proposed thematic fit; verified code anchors only where linked in 07; grade-specific pedagogy not yet approved,CM-021,2,20-30; extend to 45 with discussion,Co-read; picture choices; adult models; demonstrate by pointing or speaking,Explain a choice and adapt one variable,B1-055-W01;B1-055-C01;B1-055-TG;B1-055-PG;B1-M10-MISSION,B1-055-Q01: optional private self-check; print-equivalent provided,"Foundational curriculum sources below are not complete medical, legal or technical validation. Specialist must add exact dated operational references before manuscript approval.",S03;S04;S12;S27,https://narodne-novine.nn.hr/clanci/sluzbeni/2019_01_7_154.html | https://narodne-novine.nn.hr/clanci/sluzbeni/2019_01_7_150.html | https://narodne-novine.nn.hr/eli/sluzbeni/2026/22/257 | https://azop.hr/primjena-opce-uredbe-o-zastiti-podataka-u-skolskim-ustanovama/,PLANNED - not drafted or professionally validated
B1-056,1,"Mali koraci, velike vještine",B1-M10,Učim i doprinosim,56,Učim tako da isprobam i objasnim,OŠ 1-4,Cycle 1: grades 1-2; Cycle 2: grades 3-4 of this book,Use practice and teach-back for a small task,Learn a safe paper-folding task then explain it,Demonstrates the task and notices one uncertain step,L - low-risk paper/ordinary activity,No fixed learning-style labels or intelligence rankings,Primary teacher,UKU;OSR,Proposed thematic fit; verified code anchors only where linked in 07; grade-specific pedagogy not yet approved,CM-021,2,20-30; extend to 45 with discussion,Co-read; picture choices; adult models; demonstrate by pointing or speaking,Explain a choice and adapt one variable,B1-056-W01;B1-056-C01;B1-056-TG;B1-056-PG;B1-M10-MISSION,B1-056-Q01: optional private self-check; print-equivalent provided,"Foundational curriculum sources below are not complete medical, legal or technical validation. Specialist must add exact dated operational references before manuscript approval.",S03;S02,https://narodne-novine.nn.hr/clanci/sluzbeni/2019_01_7_154.html | https://narodne-novine.nn.hr/clanci/sluzbeni/2019_01_7_153.html,PLANNED - not drafted or professionally validated
B1-057,1,"Mali koraci, velike vještine",B1-M10,Učim i doprinosim,57,Provjeravam prije nego završim,OŠ 1-4,Cycle 1: grades 1-2; Cycle 2: grades 3-4 of this book,Use a short checking routine,Find a missing item in a fictional packing checklist,Corrects the omission and explains the check,L - low-risk paper/ordinary activity,"Praise strategy, not perfection or speed",Primary teacher,UKU,Proposed thematic fit; verified code anchors only where linked in 07; grade-specific pedagogy not yet approved,CM-022,2,20-30; extend to 45 with discussion,Co-read; picture choices; adult models; demonstrate by pointing or speaking,Explain a choice and adapt one variable,B1-057-W01;B1-057-C01;B1-057-TG;B1-057-PG;B1-M10-MISSION,B1-057-Q01: optional private self-check; print-equivalent provided,"Foundational curriculum sources below are not complete medical, legal or technical validation. Specialist must add exact dated operational references before manuscript approval.",S03,https://narodne-novine.nn.hr/clanci/sluzbeni/2019_01_7_154.html,PLANNED - not drafted or professionally validated
B1-058,1,"Mali koraci, velike vještine",B1-M10,Učim i doprinosim,58,U timu svatko ima ulogu,OŠ 1-4,Cycle 1: grades 1-2; Cycle 2: grades 3-4 of this book,Share a small project through explicit roles,Build a paper town in pairs with rotating jobs,Completes a role and acknowledges another contribution,L - low-risk paper/ordinary activity,Provide solo or supported participation option,Primary teacher,OSR;UKU,Proposed thematic fit; verified code anchors only where linked in 07; grade-specific pedagogy not yet approved,CM-014,2,20-30; extend to 45 with discussion,Co-read; picture choices; adult models; demonstrate by pointing or speaking,Explain a choice and adapt one variable,B1-058-W01;B1-058-C01;B1-058-TG;B1-058-PG;B1-M10-MISSION,B1-058-Q01: optional private self-check; print-equivalent provided,"Foundational curriculum sources below are not complete medical, legal or technical validation. Specialist must add exact dated operational references before manuscript approval.",S02;S03,https://narodne-novine.nn.hr/clanci/sluzbeni/2019_01_7_153.html | https://narodne-novine.nn.hr/clanci/sluzbeni/2019_01_7_154.html,PLANNED - not drafted or professionally validated
B1-059,1,"Mali koraci, velike vještine",B1-M10,Učim i doprinosim,59,Moja prava i moja zajednica,OŠ 1-4,Cycle 1: grades 1-2; Cycle 2: grades 3-4 of this book,"Identify a right, a responsibility and an appropriate helper","Match library, school and health-service cards to fictional needs",Names one right and who can help exercise it,L - low-risk paper/ordinary activity,No party or candidate preference; no disclosure of immigration or family status,Civic-education teacher,GOO;OSR,Proposed thematic fit; verified code anchors only where linked in 07; grade-specific pedagogy not yet approved,CM-041,2,20-30; extend to 45 with discussion,Co-read; picture choices; adult models; demonstrate by pointing or speaking,Explain a choice and adapt one variable,B1-059-W01;B1-059-C01;B1-059-TG;B1-059-PG;B1-M10-MISSION,B1-059-Q01: optional private self-check; print-equivalent provided,"Foundational curriculum sources below are not complete medical, legal or technical validation. Specialist must add exact dated operational references before manuscript approval.",S06;S02,https://narodne-novine.nn.hr/clanci/sluzbeni/2019_01_10_217.html | https://narodne-novine.nn.hr/clanci/sluzbeni/2019_01_7_153.html,PLANNED - not drafted or professionally validated
B1-060,1,"Mali koraci, velike vještine",B1-M10,Učim i doprinosim,60,Naš mali piknik: sve povezujem,OŠ 1-4,Cycle 1: grades 1-2; Cycle 2: grades 3-4 of this book,"Combine planning, money, food and cleanup",Plan a classroom pretend picnic with tokens and allergy-safe picture foods,"Explains budget, roles, hygiene and waste plan",A - responsible adult actively supervises practical activity,Real food or outings require separate adult approval and allergy checks,Primary teacher and food-safety reviewer,POD;ZDR;OSR;ODR,Proposed thematic fit; verified code anchors only where linked in 07; grade-specific pedagogy not yet approved,CM-014;CM-036,2,45-60; professional sessions separately scheduled,Co-read; picture choices; adult models; demonstrate by pointing or speaking,Explain a choice and adapt one variable,B1-060-W01;B1-060-C01;B1-060-TG;B1-060-PG;B1-M10-MISSION,B1-060-Q01: optional private self-check; print-equivalent provided,"Foundational curriculum sources below are not complete medical, legal or technical validation. Specialist must add exact dated operational references before manuscript approval.",S01;S07;S02;S05;S29,https://narodne-novine.nn.hr/clanci/sluzbeni/2019_01_7_157.html | https://narodne-novine.nn.hr/clanci/sluzbeni/2019_01_10_212.html | https://narodne-novine.nn.hr/clanci/sluzbeni/2019_01_7_153.html | https://narodne-novine.nn.hr/clanci/sluzbeni/2019_01_7_152.html | https://www.hah.hr/potrosacki-kutak/5-kljuceva-sigurnosti-hrane/,PLANNED - not drafted or professionally validated
