Source_ID,Authority,Title,URL,Publication_Date,Status_As_Of_2026_09_22,Supports,Limitations,Next_Review,Verified_As_Of
S01,MZOM / Narodne novine,Poduzetništvo curriculum,https://narodne-novine.nn.hr/clanci/sluzbeni/2019_01_7_157.html,2019-01-22,Official curriculum,Financial literacy and entrepreneurship; cycle definitions; verified candidate codes,2019 examples need current currency and law review; not approval of this series,Before publication and every 6 months,2026-09-22
S02,MZOM / Narodne novine,Osobni i socijalni razvoj curriculum,https://narodne-novine.nn.hr/clanci/sluzbeni/2019_01_7_153.html,2019-01-22,Official curriculum,Communication; relationships; self-management; education and career pathways,Selected codes only; proposed chapter mappings need educator sign-off,Before publication and every 6 months,2026-09-22
S03,MZOM / Narodne novine,Učiti kako učiti curriculum,https://narodne-novine.nn.hr/clanci/sluzbeni/2019_01_7_154.html,2019-01-22,Official curriculum,Learning strategies; planning; information evaluation; combined 4/5 cycle codes,Do not mechanically split every combined high-school code into separate cycles,Before publication and every 6 months,2026-09-22
S04,MZOM / Narodne novine,Uporaba IKT-a curriculum,https://narodne-novine.nn.hr/clanci/sluzbeni/2019_01_7_150.html,2019-01-22,Official curriculum,Responsible technology use; privacy; searching and evaluating information,Digital safety content still requires current technical review,Before publication and every 6 months,2026-09-22
S05,MZOM / Narodne novine,Održivi razvoj curriculum,https://narodne-novine.nn.hr/clanci/sluzbeni/2019_01_7_152.html,2019-01-22,Official curriculum,Resources; practical environmental actions; community projects,"Use detailed expectations, not just summary tables; some summary labels repeat",Before publication and every 6 months,2026-09-22
S06,MZOM / Narodne novine,Građanski odgoj i obrazovanje curriculum,https://narodne-novine.nn.hr/clanci/sluzbeni/2019_01_10_217.html,2019-01-29,Official curriculum,Rights; community participation; institutions; civic information,Keep civic activities nonpartisan; never assess pupils by political preferences,Before publication and every 6 months,2026-09-22
S07,MZOM / Narodne novine,Zdravlje curriculum,https://narodne-novine.nn.hr/clanci/sluzbeni/2019_01_10_212.html,2019-01-29,Official curriculum,Nutrition; hygiene; development; hazard recognition; first-aid learning,Curriculum is not a clinical protocol; obtain current qualified health review,Before publication and every 6 months,2026-09-22
S08,MZOM,Cross-curricular implementation guidance and experimental curricula,https://mzom.gov.hr/print.aspx?id=7472&url=print,2025-02-05,Official guidance,Seven cross-curricular themes; implementation guidance published 5 February 2025,Guidance is distinct from a new compulsory standalone life-skills subject,Before publication and every 6 months,2026-09-22
S09,MZOM,Experimental Praktične vještine curriculum,https://mzom.gov.hr/UserDocsImages//dokumenti/Obrazovanje/OsnovneSkole//Eksperimentalni-kurikulum-nastavnog-predmeta-Prakticne-vjestine-za-osnovne-skole.pdf,2023-07-03,Experimental curriculum,Primary grades 1-4; practical making and tool use; verified grade-3 anchors on PDF pp.16 and 18,Applies in experimental context; not evidence of universal implementation,Before publication and every 6 months,2026-09-22
S10,Government of Croatia,Whole-day elementary school programme,https://gov.hr/?id=2591,,Experimental programme through 2026/2027,62-school pilot; A1/A2/B1/B2 structure; practical-skills subject in grades 1-4,2027 infrastructure ambition is not proof of a universal start date or purchasing commitment,Quarterly and before school proposals,2026-09-22
S11,MZOM,Whole-day school programme hub,https://mzom.gov.hr/cjelodnevna-skola-7470/7470,,Official programme hub,Programme documents and school activity routes,Check latest decisions; do not infer publisher eligibility from school funding,Monthly during 2026-2028,2026-09-22
S12,MZOM / Narodne novine,2026 school-device rule amendment,https://narodne-novine.nn.hr/eli/sluzbeni/2026/22/257,2026-03-05,Enacted rule,"Primary-school device restrictions with school-approved educational, health and other exceptions",Not a blanket prohibition on approved educational technology; high-school rules differ,Before each teacher-guide edition,2026-09-22
S13,CARNET,BrAIn curricula now cover grade 5 through end of high school,https://www.carnet.hr/carnet-ov-projekt-brain-od-ove-skolske-godine-kurikuli-o-umjetnoj-inteligenciji-dostupni-od-5-razreda-osnovne-do-kraja-srednje-skole/,2026-09-01,Active programme; September 2026 expansion,Primary extracurricular and high-school optional routes; 35 hours; participation through 1 September 2029,Not compulsory AI for every pupil; not a publishing grant or endorsement,Every 3 months,2026-09-22
S14,ASOO,Modular vocational teaching hub,https://www.asoo.hr/obrazovanje/strukovno-obrazovanje/modularna-nastava/,,Active vocational reform,Qualification-specific modular curricula and implementation resources,Book 3 is not automatically a vocational module textbook; map actual qualification and SIU,Quarterly and at high-school edition freeze,2026-09-22
S15,Croatian Parliament / Narodne novine,Textbook and educational-material amendments 2025,https://narodne-novine.nn.hr/clanci/sluzbeni/2025_07_105_1477.html,2025-07-23,Enacted law,Module-based textbooks; amendments affecting educational materials,Read with base law and other amendments; not a consolidated legal opinion,Before publication and every 6 months,2026-09-22
S16,Croatian Parliament / Narodne novine,Textbooks and other educational materials act 2018,https://narodne-novine.nn.hr/clanci/sluzbeni/2018_12_116_2288.html,2018-12-21,"Base statute, amended subsequently",Article 16 commercial-material route and competent agency distinction; article 18 school donation/conflict restrictions,Not current standalone consolidated text; obtain counsel review with amendments,"Before pilots, contracts and any school submission",2026-09-22
S17,AZOO,Procedure for repository publication,https://www.azoo.hr/drugi-obrazovni-materijali-arhiva/postupak-za-objavu-drugog-obrazovnog-materijala-u-virtualni-repozitorij/,,Published administrative procedure,"Process, forms and linked 2024 amendment","Confirm fees, current channel, multi-grade classification and complete submission requirements in writing",Immediately; again 60 days before submission,2026-09-22
S18,AZOO,"Original repository procedure, dated 13 October 2020",https://www.azoo.hr/app/uploads/2020/11/Postupak-za-objavu-DOM-a.pdf,2020-10-13,Published base procedure,Page 1: 31 March filing deadline for following school year; required materials; page 2 review process,Electronic delivery paragraph updated in 2024; operational turnaround not guaranteed,Confirm annual deadline with AZOO,2026-09-22
S19,AZOO,"Repository procedure amendment, dated 5 February 2024",https://www.azoo.hr/app/uploads/2020/10/Izmjena-postupka.pdf,2024-02-05,Published amendment,Written submission plus electronic USB and/or link; updated attachment checklist,"Despite 2020 URL path, document itself is dated 2024; other provisions unchanged",Before submission,2026-09-22
S20,AZOO,Approved educational-material repository,https://www.azoo.hr/drugi-obrazovni-materijali-arhiva/agencija-za-odgoj-i-obrazovanje-objavljuje-katalog-odobrenih-drugih-obrazovnih-materijala/,,Active repository,Primary list updated 9 September 2026; subject teaching 16 September 2026; secondary 24 July 2026,Listing is distinct from school selection and funding,Monthly during submission window,2026-09-22
S21,Government / Narodne novine,2026/2027 other-educational-material financing decision,https://narodne-novine.nn.hr/eli/sluzbeni/2026/81/969,2026-07-24,Enacted annual financing decision,Specified eligible pupil groups and experimental whole-day schools,Not universal free workbooks; no guaranteed demand or direct grant for this project,At next annual decision,2026-09-22
S22,Ministry of Finance,Consumer financial-literacy frameworks and action plans,https://mfin.gov.hr/istaknute-teme/financijska-trzista-i-financijska-pismenost/financijska-pismenost-potrosaca/3293,,2021-2026 framework; successor monitoring,Youth financial literacy; personal finance; debt; savings; consumer protection,Successor after 2026 not verified; no new compulsory finance subject inferred,Monthly through 2027,2026-09-22
S23,MZOM,Special-curriculum implementation guidance,https://mzom.gov.hr/print.aspx?id=7324&url=print,2025-11-05,Guidance published November 2025,Differentiation; assistive technology; special life-skills and daily-living curricula,Special programmes are not interchangeable with mainstream expectations; specialist adaptation needed,Before publication and every 6 months,2026-09-22
S24,NSK,Croatian ISBN office,https://nsk.hr/nakladnici/hrvatski-ured-za-isbn/,,Publisher service,Natural-person and legal-person publisher registration; ISBN allocation,"ISBN eligibility does not establish tax, retail-business or AZOO eligibility",Before choosing imprint and each new format,2026-09-22
S25,NSK,CIP programme,https://nsk.hr/nakladnici/cip/,,Publisher service,Request after final correction; current printed catalogue-number wording; format exclusions,"CIP is not a quality approval; didactic kits, worksheets and online resources may be excluded",At prepress for every eligible edition,2026-09-22
S26,NSK,Legal deposit,https://nsk.hr/nakladnici/obvezni-primjerak/,,Statutory deposit guidance,Ordinary privately funded books: four to NSK; publicly funded books: nine; county copy; 30-day period,Confirm digital and multi-format requirements and funding classification before print,Before every print/format release,2026-09-22
S27,AZOP,Data protection in educational institutions,https://azop.hr/primjena-opce-uredbe-o-zastiti-podataka-u-skolskim-ustanovama/,,Official regulator guidance,Lawful basis; transparency; child privacy; consent is not a universal solution,Pilot and digital-service processing need case-specific legal assessment,Before pilots and any account-based feature,2026-09-22
S28,Croatian Red Cross,First-aid programmes and doctrine,https://www.hck.hr/kako-pomoci/mali-programi/prva-pomoc-10551/10551,,Primary institutional reference,Qualified first-aid review and hands-on training route,Book is not certification and cannot replace training; no partnership agreed,At every safety-content revision,2026-09-22
S29,HAPIH / food safety centre,Five keys to safer food,https://www.hah.hr/potrosacki-kutak/5-kljuceva-sigurnosti-hrane/,,Primary food-safety reference,Hygiene; separation; cooking; storage; safe ingredients,"Foundational reference only; specific recipes, allergens and temperatures need current expert validation",At recipe testing and before printing,2026-09-22
S30,Ford,Vehicle-specific jump-start owner-manual example,https://www.fordservicecontent.com/Ford_Content/vdirsnet/OwnerManual/Home/Content?ProcUid=G2099248&Uid=G2099247&countryCode=USA&languageCode=en&vFilteringEnabled=False&variantid=7983,,Manufacturer safety reference,Vehicle-specific warnings and designated connection points; manual must take precedence,Example is not universal or Croatian fleet guidance; no copied diagrams; use exact local training vehicle manual,Before automotive lesson or diagram revision,2026-09-22
S31,HNB,When and how to teach children about money,https://www.hnb.hr/-/kada-i-kako-s-djecom-uciti-o-financijama-petra-sparica,2025-10-17,Primary educational reference,Age-progressive money education; needs and wants; budgeting,Not proof of demand; no HNB endorsement or agreed collaboration,Before publication and every 6 months,2026-09-22
S32,Ministry of Culture and Media,2027 literary-creation support call,https://min-kulture.gov.hr/vijesti-8/objavljujemo-javni-poziv-za-dodjelu-potpora-za-poticanje-knjizevnoga-stvaralastva-u-2027-godini/30237,2026-06-16,Closed on 14 September 2026,Example future-call watch; Croatian citizenship condition; literary remit,Closed at research date; citizenship and nonfiction fit must be checked; no assumed eligibility,Watch future calls; do not budget award,2026-09-22
S33,Civil Protection Directorate,112 education for children,https://civilna-zastita.gov.hr/kontakti/podrucni-ured-civilne-zastite-split/edukacija-djece-povodom-dana-europskog-broja-112/9113,,Official educational example,Age-appropriate emergency education and role-play,Never place a real practice emergency call; local plans and specialist review required,At safety review,2026-09-22
S34,ASOO,Other educational materials: vocational-subject approval procedure,https://www.asoo.hr/obrazovanje/strukovno-obrazovanje/drugi-obrazovni-materijali/,,Published agency procedure,ASOO decides vocational-subject materials in secondary vocational schools; published checklist includes three copies and language-compliance declaration,"Do not transfer AZOO deadlines/checklist automatically; confirm current scope, address, fees, electronic formats and timing in writing",Before vocational variant commissioning and submission,2026-09-22
